Original Text,Original Phrase,Corrected Phrase,Reason
"私がこの度、貴社が開発したAIアプリの、校正・要約機能に大変興味を持ち、本テストを希望しました。現代において、情報の正確性は益々重要と鳴り、特にビジネス文書や学術論文におけて、校正作業は欠かせません。私は以前、広告代理店につとめており、数多くのコピーライティングを手がけてきました。その経験から、一文字の違いが文章全体の印象を大きく変えることを、身をもって知っています。

今回、私がテストさせていただくのは、AIが文章の誤りを自動的に検出し、修正を提案するという革新的な機能です。人間の校正者では見落としがちな、微妙な表現の揺れや、主語と述語のねじれなども、AIならば正確に検出できるはずです。たとえば、「彼らは公園で本をよんでいました。」という文では、「よんで」を「読んで」と正しく漢字に変換するだけでなく、より自然な表現である「彼らは公園で本を読んでいました。」と提案するでしょう。

しかし、AIによる校正には限界も有ると考えます。文章の意図や文脈を完全に理解することは、現在の技術では困難です。そのため、AIが提示した修正案を鵜呑みにするのではなく、最終的には人間が判断する必要があると考えます。AIはあくまで校正をサポートするツールであり、最終的な責任は人間に有るのです。

今後のAI校正アプリのさらなる発展を期待しております。",AIアプリの、校正・要約機能,AIアプリの校正・要約機能,読点「、」が不要で、より自然な表現にするため。
"私がこの度、貴社が開発したAIアプリの、校正・要約機能に大変興味を持ち、本テストを希望しました。現代において、情報の正確性は益々重要と鳴り、特にビジネス文書や学術論文におけて、校正作業は欠かせません。私は以前、広告代理店につとめており、数多くのコピーライティングを手がけてきました。その経験から、一文字の違いが文章全体の印象を大きく変えることを、身をもって知っています。

今回、私がテストさせていただくのは、AIが文章の誤りを自動的に検出し、修正を提案するという革新的な機能です。人間の校正者では見落としがちな、微妙な表現の揺れや、主語と述語のねじれなども、AIならば正確に検出できるはずです。たとえば、「彼らは公園で本をよんでいました。」という文では、「よんで」を「読んで」と正しく漢字に変換するだけでなく、より自然な表現である「彼らは公園で本を読んでいました。」と提案するでしょう。

しかし、AIによる校正には限界も有ると考えます。文章の意図や文脈を完全に理解することは、現在の技術では困難です。そのため、AIが提示した修正案を鵜呑みにするのではなく、最終的には人間が判断する必要があると考えます。AIはあくまで校正をサポートするツールであり、最終的な責任は人間に有るのです。

今後のAI校正アプリのさらなる発展を期待しております。",益々重要と鳴り,益々重要となり,「鳴る」ではなく「成る」が適切です。
"私がこの度、貴社が開発したAIアプリの、校正・要約機能に大変興味を持ち、本テストを希望しました。現代において、情報の正確性は益々重要と鳴り、特にビジネス文書や学術論文におけて、校正作業は欠かせません。私は以前、広告代理店につとめており、数多くのコピーライティングを手がけてきました。その経験から、一文字の違いが文章全体の印象を大きく変えることを、身をもって知っています。

今回、私がテストさせていただくのは、AIが文章の誤りを自動的に検出し、修正を提案するという革新的な機能です。人間の校正者では見落としがちな、微妙な表現の揺れや、主語と述語のねじれなども、AIならば正確に検出できるはずです。たとえば、「彼らは公園で本をよんでいました。」という文では、「よんで」を「読んで」と正しく漢字に変換するだけでなく、より自然な表現である「彼らは公園で本を読んでいました。」と提案するでしょう。

しかし、AIによる校正には限界も有ると考えます。文章の意図や文脈を完全に理解することは、現在の技術では困難です。そのため、AIが提示した修正案を鵜呑みにするのではなく、最終的には人間が判断する必要があると考えます。AIはあくまで校正をサポートするツールであり、最終的な責任は人間に有るのです。

今後のAI校正アプリのさらなる発展を期待しております。",におけて,において,誤字の修正です。
"私がこの度、貴社が開発したAIアプリの、校正・要約機能に大変興味を持ち、本テストを希望しました。現代において、情報の正確性は益々重要と鳴り、特にビジネス文書や学術論文におけて、校正作業は欠かせません。私は以前、広告代理店につとめており、数多くのコピーライティングを手がけてきました。その経験から、一文字の違いが文章全体の印象を大きく変えることを、身をもって知っています。

今回、私がテストさせていただくのは、AIが文章の誤りを自動的に検出し、修正を提案するという革新的な機能です。人間の校正者では見落としがちな、微妙な表現の揺れや、主語と述語のねじれなども、AIならば正確に検出できるはずです。たとえば、「彼らは公園で本をよんでいました。」という文では、「よんで」を「読んで」と正しく漢字に変換するだけでなく、より自然な表現である「彼らは公園で本を読んでいました。」と提案するでしょう。

しかし、AIによる校正には限界も有ると考えます。文章の意図や文脈を完全に理解することは、現在の技術では困難です。そのため、AIが提示した修正案を鵜呑みにするのではなく、最終的には人間が判断する必要があると考えます。AIはあくまで校正をサポートするツールであり、最終的な責任は人間に有るのです。

今後のAI校正アプリのさらなる発展を期待しております。",つとめており,勤めており,「つとめる」は「勤める」と漢字で書くのが適切です。
"私がこの度、貴社が開発したAIアプリの、校正・要約機能に大変興味を持ち、本テストを希望しました。現代において、情報の正確性は益々重要と鳴り、特にビジネス文書や学術論文におけて、校正作業は欠かせません。私は以前、広告代理店につとめており、数多くのコピーライティングを手がけてきました。その経験から、一文字の違いが文章全体の印象を大きく変えることを、身をもって知っています。

今回、私がテストさせていただくのは、AIが文章の誤りを自動的に検出し、修正を提案するという革新的な機能です。人間の校正者では見落としがちな、微妙な表現の揺れや、主語と述語のねじれなども、AIならば正確に検出できるはずです。たとえば、「彼らは公園で本をよんでいました。」という文では、「よんで」を「読んで」と正しく漢字に変換するだけでなく、より自然な表現である「彼らは公園で本を読んでいました。」と提案するでしょう。

しかし、AIによる校正には限界も有ると考えます。文章の意図や文脈を完全に理解することは、現在の技術では困難です。そのため、AIが提示した修正案を鵜呑みにするのではなく、最終的には人間が判断する必要があると考えます。AIはあくまで校正をサポートするツールであり、最終的な責任は人間に有るのです。

今後のAI校正アプリのさらなる発展を期待しております。",有る,ある,「ある」はひらがなで書くのが一般的で自然です。
"私がこの度、貴社が開発したAIアプリの、校正・要約機能に大変興味を持ち、本テストを希望しました。現代において、情報の正確性は益々重要と鳴り、特にビジネス文書や学術論文におけて、校正作業は欠かせません。私は以前、広告代理店につとめており、数多くのコピーライティングを手がけてきました。その経験から、一文字の違いが文章全体の印象を大きく変えることを、身をもって知っています。

今回、私がテストさせていただくのは、AIが文章の誤りを自動的に検出し、修正を提案するという革新的な機能です。人間の校正者では見落としがちな、微妙な表現の揺れや、主語と述語のねじれなども、AIならば正確に検出できるはずです。たとえば、「彼らは公園で本をよんでいました。」という文では、「よんで」を「読んで」と正しく漢字に変換するだけでなく、より自然な表現である「彼らは公園で本を読んでいました。」と提案するでしょう。

しかし、AIによる校正には限界も有ると考えます。文章の意図や文脈を完全に理解することは、現在の技術では困難です。そのため、AIが提示した修正案を鵜呑みにするのではなく、最終的には人間が判断する必要があると考えます。AIはあくまで校正をサポートするツールであり、最終的な責任は人間に有るのです。

今後のAI校正アプリのさらなる発展を期待しております。",有る,ある,「ある」はひらがなで書くのが一般的で自然です。
